[
    {
        "date": "2025-09-08",
        "title": "test",
        "content": "<!DOCTYPE HTML PUBLIC \"-//W3C//DTD HTML 4.0//EN\" \"http://www.w3.org/TR/REC-html40/strict.dtd\">\n<html><head><meta name=\"qrichtext\" content=\"1\" /><meta charset=\"utf-8\" /><style type=\"text/css\">\np, li { white-space: pre-wrap; }\nhr { height: 1px; border-width: 0; }\nli.unchecked::marker { content: \"\\2610\"; }\nli.checked::marker { content: \"\\2612\"; }\n</style></head><body style=\" font-family:'Sans Serif'; font-size:9pt; font-weight:400; font-style:normal;\">\n<p style=\" margin-top:0px; margin-bottom:0px; margin-left:0px; margin-right:0px; -qt-block-indent:0; text-indent:0px;\">This is an entry <br /><span style=\" font-weight:700;\">This is Bolded </span></p>\n<p style=\" margin-top:0px; margin-bottom:0px; margin-left:0px; margin-right:0px; -qt-block-indent:0; text-indent:0px;\"><span style=\" font-style:italic;\">This is Italiced</span></p>\n<p style=\" margin-top:0px; margin-bottom:0px; margin-left:0px; margin-right:0px; -qt-block-indent:0; text-indent:0px;\"><span style=\" font-size:19pt;\">This is a Diffirent font size </span><br /><span style=\" font-size:8pt;\">so is this </span></p></body></html>",
        "last_opened": "2025-09-23 12:07:00",
        "pinned": true,
        "categories": [
            "bold",
            "italic"
        ]
    },
    {
        "date": "2025-09-10",
        "title": "test3",
        "content": "<!DOCTYPE HTML PUBLIC \"-//W3C//DTD HTML 4.0//EN\" \"http://www.w3.org/TR/REC-html40/strict.dtd\">\n<html><head><meta name=\"qrichtext\" content=\"1\" /><meta charset=\"utf-8\" /><style type=\"text/css\">\np, li { white-space: pre-wrap; }\nhr { height: 1px; border-width: 0; }\nli.unchecked::marker { content: \"\\2610\"; }\nli.checked::marker { content: \"\\2612\"; }\n</style></head><body style=\" font-family:'Sans Serif'; font-size:9pt; font-weight:400; font-style:normal;\">\n<p style=\" margin-top:0px; margin-bottom:0px; margin-left:0px; margin-right:0px; -qt-block-indent:0; text-indent:0px;\">efef</p></body></html>",
        "last_opened": "2025-09-23 12:06:58",
        "pinned": false,
        "categories": [
            "dog"
        ]
    },
    {
        "date": "2025-09-11",
        "title": "other",
        "content": "<!DOCTYPE HTML PUBLIC \"-//W3C//DTD HTML 4.0//EN\" \"http://www.w3.org/TR/REC-html40/strict.dtd\">\n<html><head><meta name=\"qrichtext\" content=\"1\" /><meta charset=\"utf-8\" /><style type=\"text/css\">\np, li { white-space: pre-wrap; }\nhr { height: 1px; border-width: 0; }\nli.unchecked::marker { content: \"\\2610\"; }\nli.checked::marker { content: \"\\2612\"; }\n</style></head><body style=\" font-family:'Sans Serif'; font-size:9pt; font-weight:400; font-style:normal;\">\n<p style=\" margin-top:0px; margin-bottom:0px; margin-left:0px; margin-right:0px; -qt-block-indent:0; text-indent:0px;\">other</p></body></html>",
        "last_opened": "2025-09-23 12:06:57",
        "pinned": true
    },
    {
        "date": "2025-09-12",
        "title": "not a test",
        "content": "<!DOCTYPE HTML PUBLIC \"-//W3C//DTD HTML 4.0//EN\" \"http://www.w3.org/TR/REC-html40/strict.dtd\">\n<html><head><meta name=\"qrichtext\" content=\"1\" /><meta charset=\"utf-8\" /><style type=\"text/css\">\np, li { white-space: pre-wrap; }\nhr { height: 1px; border-width: 0; }\nli.unchecked::marker { content: \"\\2610\"; }\nli.checked::marker { content: \"\\2612\"; }\n</style></head><body style=\" font-family:'Sans Serif'; font-size:9pt; font-weight:400; font-style:normal;\">\n<p style=\" margin-top:0px; margin-bottom:0px; margin-left:0px; margin-right:0px; -qt-block-indent:0; text-indent:0px;\">wada</p></body></html>",
        "last_opened": "2025-09-22 17:02:48",
        "categories": [
            "dog"
        ]
    },
    {
        "date": "2025-09-09",
        "title": "test2",
        "content": "<!DOCTYPE HTML PUBLIC \"-//W3C//DTD HTML 4.0//EN\" \"http://www.w3.org/TR/REC-html40/strict.dtd\">\n<html><head><meta name=\"qrichtext\" content=\"1\" /><meta charset=\"utf-8\" /><style type=\"text/css\">\np, li { white-space: pre-wrap; }\nhr { height: 1px; border-width: 0; }\nli.unchecked::marker { content: \"\\2610\"; }\nli.checked::marker { content: \"\\2612\"; }\n</style></head><body style=\" font-family:'Segoe UI'; font-size:9pt; font-weight:400; font-style:normal;\">\n<p style=\" margin-top:0px; margin-bottom:0px; margin-left:0px; margin-right:0px; -qt-block-indent:0; text-indent:0px;\"> ewf wef we</p></body></html>",
        "last_opened": "2025-09-22 17:02:48",
        "categories": [
            "cat"
        ]
    }
]