[
    {
        "id": "20250922102337",
        "text": "This is a todo",
        "datetime": "2025-09-23 09:00",
        "completed": false,
        "created": "2025-09-22 10:23"
    },
    {
        "id": "20250922102353",
        "text": "So is this but its completed",
        "datetime": "2025-09-23 09:00",
        "completed": true,
        "created": "2025-09-22 10:23"
    },
    {
        "id": "20250922102411",
        "text": "This is also a todo and its overdue",
        "datetime": "2025-09-15 09:00",
        "completed": false,
        "created": "2025-09-22 10:24"
    }
]